ID;Student;Group;MarksDict;MarksNorm;Excellent;Good;Satisfactory;Fail;Mean
3;Быченков Михаил;;{'HW 1 (C)': 79.0, 'HW 2 (D)': 83.5, 'Exam (E)': 42.0, '10-Grade (G)': 6.0};[9.693251533742332, 8.391959798994975, 4.7727272727272725, 7.5];3;0;1;0;7.589484651366146
5;Вировец Филипп;;{'HW 1 (C)': 46.5, 'HW 2 (D)': 71.5, 'Exam (E)': 43.0, '10-Grade (G)': 5.0};[5.705521472392638, 7.185929648241206, 4.886363636363637, 6.25];0;3;1;0;6.00695368924937
10;Лямзин Алексей;;{'HW 1 (C)': 81.5, 'HW 2 (D)': 98.0, 'Exam (E)': 71.0, '10-Grade (G)': 8.0};[10.0, 9.849246231155778, 8.068181818181818, 10.0];4;0;0;0;9.479357012334399
11;Новиков Владимир;;{'HW 1 (C)': 77.5, 'HW 2 (D)': 81.0, 'Exam (E)': 88.0, '10-Grade (G)': 8.0};[9.50920245398773, 8.140703517587939, 10.0, 10.0];4;0;0;0;9.412476492893918
12;Ситкарев Александр;;{'HW 1 (C)': 0, 'HW 2 (D)': 0, 'Exam (E)': 0, '10-Grade (G)': 0};[0.0, 0.0, 0.0, 0.0];0;0;0;4;0.0
15;Вахитов Филипп;;{'HW 1 (C)': 73.5, 'HW 2 (D)': 99.5, 'Exam (E)': 0.0, '10-Grade (G)': 4.0};[9.01840490797546, 10.0, 0.0, 5.0];2;0;1;1;6.004601226993865
