ID;Student;Group;MarksDict;MarksNorm;MeanMark;MeanPositiveMark;MarkSum;MarkCount;MarkPositiveCount;10;9;8;7;6;5;4;3;2;1;0
3;Войтецкий Артем Александрович;;{'6 (B)': 5.5, '4 (C)': 0, '4.5 (D)': 0, '8 (E)': 2.0, '7 (F)': 8.0, '10 (G)': 10.0, '0 (J)': 7.0};[7.333333333333333, 0.0, 0.0, 6.666666666666667, 8.0, 10.0, 10.0];6.0;8.4;42.0;7;5;2;0;1;2;0;0;0;0;0;0;2
12;Кенесбек Нурдаулет;;{'6 (B)': 2.0, '4 (C)': 0.0, '4.5 (D)': 4.5, '8 (E)': 3.0, '7 (F)': 6.0, '10 (G)': 9.0, '0 (J)': 3.0};[2.6666666666666665, 0.0, 10.0, 10.0, 6.0, 9.0, 4.285714285714286];5.993197278911564;6.992063492063491;41.95238095238095;7;6;2;1;0;0;1;0;1;1;0;0;1
16;Малов Руслан Олегович;;{'6 (B)': 7.5, '4 (C)': 8.0, '4.5 (D)': 0.0, '8 (E)': 0.0, '7 (F)': 10.0, '10 (G)': 10.0, '0 (J)': 0.0};[10.0, 10.0, 0.0, 0.0, 10.0, 10.0, 0.0];5.714285714285714;10.0;40.0;7;4;4;0;0;0;0;0;0;0;0;0;3
18;Погосян Ростом Артурович;;{'6 (B)': 2.0, '4 (C)': 0.0, '4.5 (D)': 4.5, '8 (E)': 3.0, '7 (F)': 6.0, '10 (G)': 9.0, '0 (J)': 6.0};[2.6666666666666665, 0.0, 10.0, 10.0, 6.0, 9.0, 8.571428571428571];6.605442176870747;7.706349206349206;46.238095238095234;7;6;2;2;0;0;1;0;0;1;0;0;1
22;Саддатимов Рафаиль Шахин оглы;;{'6 (B)': 7.5, '4 (C)': 8.0, '4.5 (D)': 0.0, '8 (E)': 0.0, '7 (F)': 10.0, '10 (G)': 10.0, '0 (J)': 0.0};[10.0, 10.0, 0.0, 0.0, 10.0, 10.0, 0.0];5.714285714285714;10.0;40.0;7;4;4;0;0;0;0;0;0;0;0;0;3
26;Торчик Лада;;{'6 (B)': 0, '4 (C)': 0, '4.5 (D)': 0, '8 (E)': 0, '7 (F)': 10.0, '10 (G)': 10.0, '0 (J)': 5.0};[0.0, 0.0, 0.0, 0.0, 10.0, 10.0, 7.142857142857143];3.877551020408163;9.047619047619047;27.142857142857142;7;3;2;0;0;1;0;0;0;0;0;0;4
